word1,word2,,
type,category,,
types,categories,,
address,location,,
addresses,locations,,
user,account,,
users,accounts,,
usernames,accountIDs,,
username,accountID,,
perform,conduct,,
info,data,,
validation,verification,,
program,code,,
roots,origins,,
root,origin,,
ids,identities,,
id,identity,,
instances,cases,,
instance,case,,
sites,locales,,
site,locale,,
menu,listing,,
navigation,guidance,,
errors,faults,,
error,fault,,
top,the_first,,
settings,configs,,
setting,config,,
top,first,,
bottom,the_last,,
only,sole,,
fields,regions,,
field,region,,
updates,revises,,
update,revise,,
value,value,,
hours,hours,,
hour,hour,,
seconds,second,,
second,sec,,
products,items,,
product,item,,
inputs,imports,,
input,import,,
outputs,outport,,
output,outport,,
engines,motors,,
engine,motor,,
dbs,databases,,
db,database,,
exclude,eliminate,,
compose,assemble,,
cmds,commands,,
cmd,command,,
create,produce,,
steps,paces,,
step,pace,,
submissions,hand_ins,,
submission,hand_in,,
keys,tokens,,
key,token,,
files,docs,,
file,doc,,
original,originated,,
loggin,sign_in,,
logout,sign_out,,
browse,read,,
restore,recover,,
statuses,states,,
status,state,,
encode,encrypt,,
decode,decrypt,,
decoded,decrypted,,
remove,delete,,
dirs,paths,,
dir,path,,
static,undynamic,,
sequence,series,,
web,web,,
interfaces,APIs,,
interface,API,,
change,modify,,
modes,patterns,,
mode,pattern,,
speed,velocity,,
fastest,rapidest,,
fast,rapid,,
start,begin,,
end,stop,,
edit,modify,,
control,govern,,
next,following,,
amout,quantity,,
range,scope,,
new,novel,,
notes,memos,,
note,memo,,
faces,visages,,
face,visage,,
search,seek,,
now,current,,
songs,music,,
song,music,,
dates,time,,
date,time,,
robots,bots,,
suffix,ending,,
robot,bot,,
disable,deactived,,
color,hue,,
targets,goals,,
target,goal,,
workers,labourers,,
worker,labourer,,
rates,ratios,,
rate,ratio,,
storage,storing,,
limits,restrics,,
limit,restrict,,
favicons,web_icons,,
favicon,web_icon,,
stores,shops,,
store,shop,,
links,urls,,
link,url,,
rows,items,,
row,item,,
src,source,,
imgs,pics,,
img,pic,,
valid,verfied,,
attemps,tries,,
attempt,try,,
titles,names,,
title,name,,
entires,items,,
entry,item,,
albums,collections,,
album,collection,,
hosts,servers,,
host,server,,
apps,applications,,
app,application,,
blackliste,banned,,
GUI,UI,,
msgs,messages,,
msg,message,,
frontend,forepart,,
routes,journeies,,
route,journey,,
script,writing,,
timeout,overtime,,
enable,activated,,
logs,journals,,
log,journal,,
sys,system,,
existing,alive,,
minds,thoughts,,
mind,thought,,
chunks,portions,,
chunk,portion,,
words,vocables,,
word,vocable,,
results,outcomes,,
result,outcome,,
projects,design,,
project,design,,
objs,objects,,
obj,object,,
form,table,,
headers,headlines,,
header,headline,,
start,beginning,,
envs,enviorns,,
env,enviorn,,
frame,template,,
frame,template,,
eval,assess,,
expried,invalid,,
prepared,ready,,
bodies,contents,,
body,content,,
always,often,,
resonses,reactions,,
response,reaction,,
offline,disconnected,,
max,maximum,,
counts,totals,,
count,total,,
compress,condense,,
process,procedure,,
redirected,reguided,,
allowed,approved,,
schemes,plans,,
scheme,plan,,
notifications,notice,,
notification,notice,,
relevant,related,,
comments,replies,,
comment,reply,,
subscribers,emebers,,
subscriber,member,,
recipients,receivers,,
recipient,receiver,,
replies,responses,,
mailed,received,,
context,background,,
ok,yes,,
register,sign_up,,
reset,recreat,,
hide,cover,,
bakcup,standby,,
real,actual,,
notifiy,inform,,
ownership,proprietorship,,
preference,favourite,,
pubkey,public_key,,
parts,componets,,
part,component,,
check,collate,,
failure,defeat,,
success,victory,,
agent,deputy,,
attest,vertify,,
policies,guidelines,,
policy,guideline,,
measurements,mensurations,,
measurement,mensuration,,
group,teams,,
group,team,,
IMAGEWIDTH ,PICWIDTH ,,
IMAGELENGTH,PICLENGTH,,
COMPRESSION,shrinking,,
INTERPRETATION,explanation,,
CONFIGURATIONS,settings,,
CONFIGURATION,setting,,
BITSPERSAMPLE,bit_example,,
PHOTOMETRIC_INTERPRETATION,p_metric_interpre,,
FILLORDER,f_order,,
SAMPLESPERPIXEL,example_piexl,,
X_RESOLUTION ,x_resolu,,
Y_RESOLUTION,y_resolu,,
PLANAR_CONFIGURATION,planer_config,,
EXTRASAMPLES,extra_eg,,
SAMPLEFORMAT,eg_format,,
YCBCRSUBSAMPLING,y_sub_sampling,,
OPEN_INFO,start_info,,
_load_dispatch,l_dispatch,,
_write_dispatch,w_dispatch,,
compression ,shrinking,,
tags,labels,,
tag,label,,
photos,images,,
photo,image,,
fillorder,filldirective,,
send,upload,,
receive,load,,
authorized,approved,,
demos,examples,,
demo,example,,
return,back,,
like,prefer,,
rendered,displayed,,
silently,quietly,,
cleaned,clear,,
close,end,,
polls,votes,,
poll,vote,,
choices,selection,,
choice,selection,,
many,numerous,,
pubishes,posts,,
publish,post,,
inital,preliminary,,
posted,published,,
topics,subjects,,
topic,subject,,
quotes,cites,,
quote,cite,,
mention,refer,,
registration,sign_up,,
limited,restricted,,
wrapper,packaging,,
moderate,medium,,
action,activity,,
marks,ticks,,
mark,tick,,
private,personal,,
delete,remove,,
access,entrance,,
join_in,accede_to,,
custom,practice,,
view,scene,,
history,the_past,,
admin,supervisor,,
graph,diagram,,
parameters,params,,
parameter,param,,
urls,links,,
url,link,,
uris,links,,
uri,link,,
base,basic,,
versions,editions,,
version,edition,,
media,format,,
transformers,converters,,
transformer,converter,,
processors,CPUs,,
processor,CPU,,
embedded,installed,,
space,interspace,,
preserve,conserve,,
refresh,revive,,
expansion,growth,,
options,choices,,
option,choice,,
methods,ways,,
method,way,,
size,length,,
preamble,beginning,,
length,size,,
parts,divisions,,
part,division,,
multiparts,composites,,
multipart,composite,,
boundaries,borders,,
boundary,border,,
optional,nonmandatory,,
charsets,character_sets,,
charset,character_set,,
silent,soundless ,,
factoreis,manufactories,,
factory,manufactory,,
shutdown,close,,
startup,commencement,,
guard,protector,,
class,kind,,
security,safety,,
opts,options,,
opt,option,,
handlers,managers,,
handler,manager,,
plugins,extensions,,
plugin,extension,,
debug,fix,,
profiles,bios,,
profile,bio,,
trackers,hunters,,
tracker,hunter,,
hit,beat,,
external,outer,,
datastore,infostore,,
storage,store,,
missing,lost,,
delegate,representative,,
save,store,,
jobs,work,,
job,work,,
rewrite,rework,,
Remote,faraway,,
proxies,agents,,
Proxy,agent,,
handlers,transctors,,
Handler,transactor,,
documents,docs,,
document,doc,,
fields,zones,,
field,zone,,
ancestors,antecedents,,
ancestor,antecedent,,
managers,administrators,,
manager,administrator,,
unsafe,unsecure,,
environ,env,,
auth,authorized,,
now,current,,
password,passcode,,
emails,e-messages,,
email,e-message,,
enable,activated,,
sms,msg,,
images,imgs,,
image,img,,
members,accounts,,
member,account,,
primaries,principlas,,
primary,principal,,
users,accounts,,
user,account,,
answers,ans,,
answer,ans,,
feedback,reponse,,
present,current,,
migrators,relocators,,
migrator,relocator,,
migrated,relocated,,
full,brimming,,
old,previous,,
new,updated,,
diff,difference,,
credential,qualification,,
credentials,qualifications,,
passwd,passc,,
children,descendants,,
child,descendant,,
pages,web_pages,,
page,web_page,,
unsupported,unbacked,,
fake,fraud,,
DONE,COMPLETED,,
supported,backed,,
failed,unsuccessful,,
folders,binders,,
folder,binder,,
filters,strainer,,
filter,strainer,,
slug,suffix,,
active,enable,,
match,meet,,
generated,created,,
contents,bodies,,
content,body,,
sanitize,purify,,
translators,transliterators,,
translator,transliterator,,
objs,objectives,,
obj,objective,,
eval,evaluation,,
singers,musicians,,
singer,musician,,
albums,collections,,
settings,configs,,
numbers,nums,,
number,num,,
steps,paces,,
step,pace,,
now,current,,[';p
offset,offset,,
slowest,slowest,,
green,green,,
blue,blue,,
notes,notes,,
scale,range,,
parents,ancestors,,
contents,bodies,,
filename,docname,,
filebody,docbody,,
twistdsock,crookdsock,,
epage,webpage,,
epages,webpages,,
tempdir,temppath,,
e,ee,,
packsize,zipsize,,
packsizes,zipsized,,
pstat,p_stat,,
unpacksizes,unzipsizes,,
unpacksize,unzipsize,,
basefilename,basic_docname,,
outfilename,outdocname,,
rules,regulations,,
rule,regulation,,
package,zip,,
release,version,,
releases,versions,,
zippaths,packdirs,,
zippath,packdir,,
unzippedpath,unpackdir,,
basedir,basepath,,
existing,current,,
err,errors,,
scalar,tensor,,
otherparams,restparams,,
otherparam,restparam,,
report,statement,,
typ,data_type,,
initial,beginning,,
preferred,favorite,,
tform,ttable,,
cform,ctable,,
tpform,tptable,,
permitted,empowered,,
action,activity,,
actions,activities,,
redirect,avert,,
datastore,infostore,,
blank,empty,,
search,seek,,
stream,flow,,
max,utmost,,
extra,added,,
multipart,composite,,
relevant,related,,
pubkey,public_key,,
client,customer,,
clients,customers,,
allowlist ,allowedlist,,
rewrite,recreate,,
tracks,pathways,,
track,pathway,,
recipe,receipt,,
ingredient,element,,
ingredients,elements,,
filetype,doccategory,,
boottime,start_time,,
keyhandle,aik_handle,,
pcrlist,p_list,,
quoteraw,quotepath,,
sigraw,sigpath.name,,
pcrraw,pcrpath,,
quoteblob,q_blob,,
sigblob,s_blob,,
pcrblob,p_blob,,
quoteFile,q_doc,,
aikFile,a_doc,,
sigFile,s_doc,,
pcrFile,p_doc,,
retDict,r_Dict,,
retout ,r_out,,
reterr,r_error,,
prefix,starter,,
vocab,voc,,
preserve  ,reserve,,
refresh,clean,,
outputFormat,outFormat,,
feed,add,,
request,req,,
event,occurrence,,
 signing_key,claimed_key,,
chain,key_chain,,